song_id,title,avg_duration_sec,play_count
song_13,Title_song_13,223.27,11
song_8,Title_song_8,195.81,16
song_19,Title_song_19,195.71,14
song_37,Title_song_37,192.93,15
song_6,Title_song_6,191.69,29
song_21,Title_song_21,190.19,21
song_41,Title_song_41,189.58,19
song_17,Title_song_17,183.06,16
song_14,Title_song_14,180.89,18
song_44,Title_song_44,180.77,13
song_16,Title_song_16,179.73,15
song_36,Title_song_36,177.19,21
song_30,Title_song_30,175.93,14
song_49,Title_song_49,175.85,34
song_20,Title_song_20,175.67,24
song_38,Title_song_38,175.1,21
song_47,Title_song_47,172.52,23
song_45,Title_song_45,171.61,18
song_3,Title_song_3,171.41,22
song_23,Title_song_23,170.21,24
song_15,Title_song_15,169.0,12
song_27,Title_song_27,168.3,20
song_12,Title_song_12,167.23,22
song_50,Title_song_50,167.0,33
song_25,Title_song_25,166.46,26
song_42,Title_song_42,165.75,16
song_40,Title_song_40,165.32,19
song_28,Title_song_28,164.64,28
song_24,Title_song_24,164.13,15
song_10,Title_song_10,160.91,22
song_4,Title_song_4,158.64,25
song_9,Title_song_9,158.0,12
song_7,Title_song_7,157.08,24
song_32,Title_song_32,156.62,13
song_35,Title_song_35,156.5,26
song_39,Title_song_39,156.48,21
song_33,Title_song_33,154.43,30
song_43,Title_song_43,150.76,25
song_22,Title_song_22,150.75,28
song_26,Title_song_26,148.14,21
song_1,Title_song_1,146.96,24
song_2,Title_song_2,145.57,23
song_5,Title_song_5,144.25,16
song_18,Title_song_18,143.14,22
song_11,Title_song_11,140.46,13
song_48,Title_song_48,138.65,20
song_46,Title_song_46,138.5,16
song_31,Title_song_31,135.61,18
song_29,Title_song_29,123.71,14
song_34,Title_song_34,111.25,8
